LOAD_ZONE,PERIOD,ev_share
Oahu,2020,0.014492483277605
Oahu,2025,0.0374880110182046
Oahu,2030,0.0853118067959067
Oahu,2035,0.169325616859345
Oahu,2040,0.307814873021721
Oahu,2045,0.544448227029733
Oahu,2050,0.783567205918243
