load_zone,period,Battery,Biodiesel,Biodiesel/Coal/Diesel/LNG/LSFO,Biodiesel/Diesel/LNG,Biodiesel/Diesel/LNG/LSFO,MSW,SUN,WND,hydro,fuel cells
Oahu,2020,38.097,8.0,180.0,48.84,1013.5,73.0,859.699999999999,99.0,0.0,0
Oahu,2023,490.39300000000003,8.0,0.0,48.84,1013.5,73.0,1196.2129999999993,123.0,0.0,0
Oahu,2025,670.667,8.0,0.0,48.84,927.4,73.0,1570.621999999999,123.0,0.0,0
Oahu,2030,707.1033930606992,8.0,0.0,264.64,845.3,73.0,2750.2878385788395,323.0,0.0,0
Oahu,2035,911.5912625737521,8.0,0.0,264.64,680.3,73.0,3171.5870909271384,323.0,0.0,0
Oahu,2040,999.735570445772,8.0,0.0,264.64,508.9,73.0,3481.5168460119403,323.0,0.0,0
Oahu,2045,1263.5044208621625,8.0,0.0,264.64,208.0,73.0,4919.030567294844,661.5785739858496,0.0,0
Oahu,2050,1257.3218957797897,8.0,0.0,215.8,208.0,73.0,4919.030567294843,1349.1100484540577,0.0,0
