load_zone,period,Biodiesel,Coal,Diesel,LNG,LSFO,Motor_Diesel,Motor_Gasoline,Pellet-Biomass,Battery,MSW,SUN,WND,GeneratePumpedHydro
Oahu,2020,223.53462542871972,1386.8183529594758,0.0,0.0,4179.887280047202,0,0,0,57.07734172287864,374.9280000000002,1599.0895878637766,184.37447928147282,0.0
Oahu,2023,0.44935671561729773,0,0.4493567156172978,0.0,5133.175879453554,0,0,0,443.257535555837,374.9280000000008,2377.8976548399314,262.83146472595683,0.0
Oahu,2025,0.0,0,0.0,0.0,4482.781396569252,0,0,0,734.7377373279587,374.92800000000045,3248.4545530785867,262.83146472595683,0.0
Oahu,2030,2.24995968645652,0,8.04115913624787,0.0,2043.0450200565247,0,0,0,1682.8960063986704,374.9280000000002,5416.095967341959,913.0702545361671,0.0
Oahu,2035,2.312250870105607,0,2.6914090544247258,0.0,1644.2158635987778,0,0,0,2132.1843882152402,374.92800000000045,6161.271900051349,913.3543467581378,0.0
Oahu,2040,2.8938822763312304,0,9.949477874680625,0.0,1591.7164081111157,0,0,0,2320.9418390559867,374.92800000000017,6687.423613535291,913.02190170469,0.0
Oahu,2045,198.10928775790921,0,0.0,0.0,0.0,0,0,0,2581.9499455751534,374.9280000000005,7466.324628075638,2173.8416409117613,0.0
Oahu,2050,160.65090921595615,0,0.0,0.0,0.0,0,0,0,1537.4604948525978,374.92800000000017,5685.562742040247,4517.128120887986,0.0
