load_zone,period,Biodiesel,Coal,Diesel,LNG,LSFO,Motor_Diesel,Motor_Gasoline,Pellet-Biomass,Battery,MSW,SUN,WND,GeneratePumpedHydro
Oahu,2020,221.93090794699322,1386.818352959472,0.0,0.0,4182.250803431528,0,0,0,63.91559484624871,374.9280000000002,1599.0895878637768,184.37447928147225,0.0
Oahu,2023,3.166764296902055,0,0.7166955211111328,0.0,5525.7268981657735,0,0,0,279.41661400098036,374.9280000000008,1964.157342901481,262.8314647259567,0.0
Oahu,2025,7.855349482103015,0,12.95289831291457,0.0,4198.977073480636,0,0,0,608.2728836544544,374.92800000000045,3497.3989779640115,262.83146472595683,0.0
Oahu,2030,1.345419594956414,0,7.787293047494086,0.0,4410.856709361805,0,0,0,825.1868032417633,374.9280000000002,3604.380451454163,262.83146472595683,0.0
Oahu,2035,0.0,0,0.0,0.0,4398.827542666926,0,0,0,434.95036755522597,374.92800000000045,3873.6052050887906,262.83146472595683,0.0
Oahu,2040,1114.0043565724618,0,1.9691905144559083e-15,1.9691905144559083e-15,2820.8818897024107,0,0,0,727.8491741101207,374.92800000000017,4830.2772763961775,262.8314647259569,0.0
Oahu,2045,1632.481333397523,0,0.0,0.0,0.0,0,0,0,2589.3238361549893,374.9280000000005,7804.7194962617705,401.89404826155015,0.0
Oahu,2050,2159.7205034729027,0,0.0,0.0,0.0,0,0,0,2355.5933800809735,374.92800000000017,7892.432872182593,402.0920504029809,0.0
