LOAD_ZONE,TIMEPOINT,ev_bau_mw
Oahu,250700,3.06878987316018
Oahu,250704,2.2335392468708
Oahu,250708,4.12743970775994
Oahu,250712,8.13061650869361
Oahu,250716,10.6764850333368
Oahu,250720,15.9607355376017
Oahu,450700,44.5688410824864
Oahu,450704,32.4382769299126
Oahu,450708,59.9438905940026
Oahu,450712,118.083078365167
Oahu,450716,155.057395402678
Oahu,450720,231.801952931508
