LOAD_ZONE,VEHICLE_TYPE,PERIOD,n_vehicles,ice_gals_per_year,ice_fuel,ev_kwh_per_year,ev_extra_cost_per_vehicle_year
Oahu,All_Diesel_Vehicles,2025,14688.0,1724.64298544076,Motor_Diesel,16288.3941689078,3800.51007203197
Oahu,All_Diesel_Vehicles,2045,14688.0,1390.84111729093,Motor_Diesel,16288.3941689078,1461.73464308922
Oahu,All_Gasoline_Vehicles,2025,653604.0,432.395212760679,Motor_Gasoline,4647.53653199954,877.761853736297
Oahu,All_Gasoline_Vehicles,2045,653604.0,348.705816742483,Motor_Gasoline,4647.53653199954,337.600712975499
