LOAD_ZONE,PERIOD,ev_share
Oahu,2025,0.0374880110182046
Oahu,2045,0.544448227029733
