LOAD_ZONE,TIMEPOINT,zone_demand_mw
Oahu,250700,715.830667326415
Oahu,250704,654.586365070641
Oahu,250708,915.799985215303
Oahu,250712,1000.96313566408
Oahu,250716,1031.78972139191
Oahu,250720,1047.43434814523
Oahu,450700,770.65996666628
Oahu,450704,700.116833424896
Oahu,450708,1000.99098059655
Oahu,450712,1099.0846031555
Oahu,450716,1134.59164404386
Oahu,450720,1152.61162221199
