LOAD_ZONE,PERIOD,ev_share,ice_miles_per_gallon,ev_miles_per_kwh,ev_extra_cost_per_vehicle_year,n_all_vehicles,vmt_per_vehicle
Oahu,2020,0.014492483277605,21.0,3.2258064516129,1000.0,643299.0,9011.0
Oahu,2023,0.0259288449072671,21.0,3.2258064516129,920.0,643299.0,9011.0
Oahu,2025,0.0374880110182046,21.0,3.2258064516129,866.666666666667,643299.0,9011.0
Oahu,2030,0.0853118067959067,21.0,3.2258064516129,733.333333333333,643299.0,9011.0
Oahu,2035,0.169325616859345,21.0,3.2258064516129,600.0,643299.0,9011.0
Oahu,2040,0.307814873021721,21.0,3.2258064516129,466.666666666667,643299.0,9011.0
Oahu,2045,0.544448227029733,21.0,3.2258064516129,333.333333333333,643299.0,9011.0
Oahu,2050,0.783567205918243,21.0,3.2258064516129,200.0,643299.0,9011.0
