load_zone,period,Biodiesel,Coal,Diesel,LNG,LSFO,Motor_Diesel,Motor_Gasoline,Pellet-Biomass,Battery,MSW,SUN,WND,GeneratePumpedHydro
Oahu,2020,225.60984291299968,1386.8183529594753,-3.800591203511719e-15,-3.800591203511719e-15,4177.84293893179,0,0,0,57.35522904273901,374.9280000000002,1599.0895878637768,184.3744792814768,0.0
Oahu,2023,0.4493567156172997,0,0.4493567156172997,1.8996267191082873e-15,5133.838614131833,0,0,0,449.2221476603759,374.9280000000008,2377.897654839932,262.8314647259569,0.0
Oahu,2025,2.051061750518892e-13,0,2.051061750518892e-13,2.051061750518892e-13,4487.913175025518,0,0,0,780.9237434344207,374.92800000000045,3248.454553078588,262.83146472595683,0.0
Oahu,2030,6.055729049805254e-15,0,6.055729049805254e-15,6.055729049805254e-15,2343.9524721033995,0,0,0,1114.3216532707231,374.9280000000002,5056.123134691695,915.2137495930638,367.3507882270139
Oahu,2035,0.8987134312345955,0,5.501193043803477,0.0,1870.3651584298732,0,0,0,1514.5886296557903,374.92800000000045,5863.243081593288,913.4618673808106,374.99745983862675
Oahu,2040,0.9992024857819222,0,7.92668814660764,0.0,1661.0257532348683,0,0,0,1880.3447577938095,374.92800000000017,6567.255959306908,913.4490699185001,362.8134697750903
Oahu,2045,459.7285182943334,0,0.0,0.0,0.0,0,0,0,2759.9097587586316,374.9280000000005,8352.336078273627,1038.8322249227729,356.92575291521155
Oahu,2050,453.43093281333563,0,0.0,0.0,0.0,0,0,0,2994.0639761854545,374.92800000000017,9023.972413502823,1035.353522763214,339.25697639346623
