load_zone,period,Battery,Biodiesel,Biodiesel/Coal/Diesel/LNG/LSFO,Biodiesel/Diesel/LNG,Biodiesel/Diesel/LNG/LSFO,MSW,SUN,WND,hydro,fuel cells
Oahu,2020,38.097,8.0,180.0,48.84,1013.5,73.0,859.699999999999,99.0,0.0,0
Oahu,2023,490.39300000000003,8.0,0.0,48.84,796.2,73.0,1196.2129999999993,123.0,0.0,0
Oahu,2025,670.667,8.0,0.0,48.84,710.1,73.0,1570.621999999999,123.0,0.0,0
Oahu,2030,704.054,8.0,0.0,161.84,575.8,73.0,2844.453986900869,323.0,150.0,0
Oahu,2035,748.943,8.0,0.0,264.64,411.6,73.0,3142.692217221487,323.0,150.0,0
Oahu,2040,797.665,8.0,0.0,264.64,240.2,73.0,3661.365308081677,537.31341670496,150.0,0
Oahu,2045,1140.066527889765,8.0,0.0,264.64,208.0,73.0,5061.594947105584,537.31341670496,150.0,0
Oahu,2050,1170.5456418413812,8.0,0.0,215.8,208.0,73.0,5061.594947105583,1237.9317883536798,150.0,0
