load_zone,period,Biodiesel,Coal,Diesel,LNG,LSFO,Motor_Diesel,Motor_Gasoline,Pellet-Biomass,Battery,MSW,SUN,WND,GeneratePumpedHydro
Oahu,2020,225.3216373990656,1386.8183529594767,0.0,0.0,4178.533050034592,0,0,0,60.97237934250891,374.9280000000002,1599.0895878637764,184.3744792814727,0.0
Oahu,2023,0.9385298490741025,0,0.9385298490741025,0.0,5133.220658886591,0,0,0,452.4656668553574,374.9280000000008,2377.897654839931,262.8314647259569,0.0
Oahu,2025,0.0,0,0.0,0.0,4482.653158452181,0,0,0,733.5835942743132,374.92800000000045,3248.454553078587,262.83146472595683,0.0
Oahu,2030,0.5294643710411411,0,2.743563408180073,0.0,1846.1476978990718,0,0,0,1458.235437893704,374.9280000000002,5598.9151935124955,912.1761679373677,390.8193437190354
Oahu,2035,1.6976896842931795,0,23.869205502738634,0.0,1620.4031190402932,0,0,0,1724.7161966392305,374.92800000000045,6113.728588637511,913.7285369571792,363.6470522095105
Oahu,2040,8.096839173064042,0,57.60590107127581,0.0,1247.443945417207,0,0,0,1701.2715448876488,374.92800000000017,6120.60772081538,1686.503760080814,327.6563314420443
Oahu,2045,224.57915840731525,0,7.827948937654024e-14,7.827948937654024e-14,7.827948937654024e-14,0,0,0,2587.255299948965,374.9280000000005,7901.785322564946,1685.2439870024082,289.61930045970547
Oahu,2050,124.37141540577707,0,0.0,0.0,0.0,0,0,0,1461.9581940493138,374.92800000000017,6068.5613230907065,4125.376920177651,258.195277908674
