load_zone,period,Biodiesel,Coal,Diesel,LNG,LSFO,Motor_Diesel,Motor_Gasoline,Pellet-Biomass,Battery,MSW,SUN,WND,GeneratePumpedHydro
Oahu,2020,223.18901168563548,1386.8183529594755,0.0,0.0,4178.657162326256,0,0,0,42.89575854661857,374.9280000000002,1599.089587863777,184.3744792814727,0.0
Oahu,2023,0.4493567156172978,0,0.44935671561729773,0.0,5133.4116632488585,0,0,0,445.37958971357006,374.9280000000008,2377.8976548399314,262.83146472595683,0.0
Oahu,2025,-9.756768219269795e-15,0,-9.756768219269795e-15,-9.756768219269795e-15,4482.839852674965,0,0,0,735.2638422793457,374.92800000000045,3248.4545530785863,262.83146472595683,0.0
Oahu,2030,0.0,0,0.0,0.0,2212.9479207850063,0,0,0,1557.220772246126,374.9280000000002,5894.321149189988,261.5007940995333,381.6443131813626
Oahu,2035,1.0617711423868634,0,4.623106768246556,0.0,1601.6903282125852,0,0,0,1747.119443359347,374.92800000000045,6075.962665634785,987.7980354988657,347.6428291897399
Oahu,2040,1.596656123775441,0,8.241061900941892,0.0,1606.498532363469,0,0,0,1903.818742406896,374.92800000000017,6543.646172024633,988.719153078467,347.536274350119
Oahu,2045,233.11524786795056,0,0.0,0.0,0.0,0,0,0,2457.9222065639156,374.9280000000005,7718.048814528574,1845.8012364750923,288.7059284898351
Oahu,2050,110.77214145402398,0,0.0,0.0,0.0,0,0,0,1447.7950596245448,374.92800000000017,5948.035384138432,4254.103930731223,245.39144757941656
