load_zone,period,Biodiesel,Coal,Diesel,LNG,LSFO,Motor_Diesel,Motor_Gasoline,Pellet-Biomass,Battery,MSW,SUN,WND,GeneratePumpedHydro
Oahu,2020,224.9959503837935,1386.818352959472,0.0,0.0,4178.1388081361065,0,0,0,54.493019118644504,374.9280000000002,1599.0895878637762,184.37447928147287,0.0
Oahu,2023,0.4493567156172978,0,0.4493567156172978,0.0,5133.086373543203,0,0,0,442.4519823626775,374.9280000000008,2377.8976548399314,262.8314647259569,0.0
Oahu,2025,0.0,0,0.0,0.0,4482.839852674963,0,0,0,735.263842279346,374.92800000000045,3248.4545530785867,262.83146472595683,0.0
Oahu,2030,0.5384696507819093,0,0.5384696507819093,0.0,1830.787440454759,0,0,0,1468.61440668617,374.9280000000002,5618.216274523946,913.6227765011685,397.6426314229087
Oahu,2035,0.0,0,2.504392022008258,0.0,1630.1036253369543,0,0,0,1767.758845958942,374.92800000000045,6129.55483886439,913.1270540115927,353.87224978704427
Oahu,2040,3.3568660897140887,0,13.86123472795344,0.0,1581.9984039104693,0,0,0,1937.690011887243,374.92800000000017,6646.951573877644,913.8455476209208,372.8075951697423
Oahu,2045,219.00859532324628,0,0.0,0.0,0.0,0,0,0,2409.419428239509,374.9280000000005,7612.965683432519,1964.4403981631147,304.90463823722956
Oahu,2050,123.66561485557077,0,0.0,0.0,0.0,0,0,0,1378.7623008747214,374.92800000000017,5817.709659925626,4365.393694527688,250.50632160108904
