LOAD_ZONE,PERIOD,ev_share,ice_miles_per_gallon,ev_miles_per_kwh,ev_extra_cost_per_vehicle_year,n_all_vehicles,vmt_per_vehicle
Oahu,2019,0.0127250314395017,21.0,3.2258064516129,1026.66666666667,643299.0,9011.0
Oahu,2020,0.014492483277605,21.0,3.2258064516129,1000.0,643299.0,9011.0
Oahu,2021,0.017635656203414,21.0,3.2258064516129,973.333333333333,643299.0,9011.0
Oahu,2022,0.0214239412776951,21.0,3.2258064516129,946.666666666667,643299.0,9011.0
