LOAD_ZONE,VEHICLE_TYPE,PERIOD,n_vehicles,ice_gals_per_year,ice_fuel,ev_kwh_per_year,ev_extra_cost_per_vehicle_year
Oahu,All_Diesel_Vehicles,2019,14688.0,1808.09345247821,Motor_Diesel,16288.3941689078,4385.20392926765
Oahu,All_Diesel_Vehicles,2020,14688.0,1808.09345247821,Motor_Diesel,16288.3941689078,4385.20392926765
Oahu,All_Diesel_Vehicles,2021,14688.0,1791.40335907072,Motor_Diesel,16288.3941689078,4268.26515782052
Oahu,All_Diesel_Vehicles,2022,14688.0,1774.71326566323,Motor_Diesel,16288.3941689078,4151.32638637338
Oahu,All_Gasoline_Vehicles,2019,653604.0,453.317561765228,Motor_Gasoline,4647.53653199954,1012.8021389265
Oahu,All_Gasoline_Vehicles,2020,653604.0,453.317561765228,Motor_Gasoline,4647.53653199954,1012.8021389265
Oahu,All_Gasoline_Vehicles,2021,653604.0,449.133091964318,Motor_Gasoline,4647.53653199954,985.794081888456
Oahu,All_Gasoline_Vehicles,2022,653604.0,444.948622163408,Motor_Gasoline,4647.53653199954,958.786024850416
