LOAD_ZONE,PERIOD,ev_share
Oahu,2019,0.0127250314395017
Oahu,2020,0.014492483277605
Oahu,2021,0.017635656203414
Oahu,2022,0.0214239412776951
